4 |Packaging and Distribution |p
3 |PATH and CLASSPATH |p
4 |Packaging and Distribution |p
5 |Maven as dependency Management |p
6 |State & Behaviour (Encapsulation) |p
7 |State & Behaviour Reuse (Inheritance)|p
7 |State & Behaviour Reuse (Inheritance)|p
4 |Packaging and Distribution |p
5 |Maven as dependency Management |p

5 |Maven as dependency Management |p
4 |Packaging and Distribution |p
4 |Packaging and Distribution |p
6 |State & Behaviour (Encapsulation) |p
6 |State & Behaviour (Encapsulation) |p
5 |Maven as dependency Management |p
4 |Packaging and Distribution |p
7 |State & Behaviour Reuse (Inheritance)|p
5 |Maven as dependency Management |p
3 |PATH and CLASSPATH |p
3 |PATH and CLASSPATH |p
3 |PATH and CLASSPATH |p
3 |PATH and CLASSPATH |p
4 |Packaging and Distribution |p
4 |Packaging and Distribution |p
3 |PATH and CLASSPATH |p
3 |PATH and CLASSPATH |p



